Name,Type,Team,Position,g ,gs ,cg ,sv ,bs ,hd ,ip ,w ,l ,h ,er ,hr ,k ,bbi ,era ,whip 
Craig Kimbrel,Pitcher,ATL,RP,67,0,0,42,3,1,68,4,2,42,14,4,100,20,1.82,0.92
Kenley Jansen,Pitcher,LAD,RP,68,0,0,38,4,1,69,5,2,45,17,5,101,21,2.16,0.95
Greg Holland,Pitcher,KC,RP,65,0,0,37,3,1,67,4,2,46,16,4,94,22,2.13,1.02
Trevor Rosenthal,Pitcher,STL,RP,62,0,0,35,4,2,68,4,3,52,20,4,86,21,2.58,1.06
Koji Uehara,Pitcher,BOS,RP,62,0,0,35,3,1,63,4,2,42,14,5,79,9,2.06,0.81
Joe Nathan,Pitcher,DET,RP,62,0,0,39,3,1,62,5,3,48,18,5,69,19,2.63,1.08
Aroldis Chapman,Pitcher,CIN,RP,66,0,0,34,3,1,62,4,3,40,16,5,100,26,2.34,1.05
Glen Perkins,Pitcher,MIN,RP,63,0,0,34,3,1,64,3,2,51,19,5,75,17,2.64,1.06
Sergio Romo,Pitcher,SF,RP,64,0,0,36,3,0,61,4,4,50,17,4,61,13,2.47,1.03
David Robertson,Pitcher,NYY,RP,65,0,0,34,4,5,65,4,3,52,19,5,79,20,2.57,1.11
Jason Grilli,Pitcher,PIT,RP,59,0,0,32,3,1,58,3,3,46,18,5,75,19,2.8,1.12
Jonathan Papelbon,Pitcher,PHI,RP,62,0,0,34,4,1,63,4,3,56,21,6,66,14,2.93,1.11
Rafael Soriano,Pitcher,WSH,RP,64,0,0,37,5,1,64,3,4,58,23,6,55,19,3.27,1.21
Addison Reed,Pitcher,ARI,RP,63,0,0,32,5,1,66,4,4,56,24,6,68,20,3.32,1.15
Jim Johnson,Pitcher,OAK,RP,66,0,0,37,4,1,69,4,4,65,23,4,51,17,3,1.18
Casey Janssen,Pitcher,TOR,RP,59,0,0,35,3,1,60,4,2,52,19,5,58,14,2.91,1.1
Ernesto Frieri,Pitcher,LAA,RP,64,0,0,33,3,2,66,4,3,50,23,7,88,28,3.13,1.18
Steve Cishek,Pitcher,MIA,RP,65,0,0,35,3,2,66,4,3,54,20,3,70,23,2.64,1.16
Grant Balfour,Pitcher,TB,RP,64,0,0,33,4,1,63,3,3,50,21,6,68,25,2.91,1.18
Fernando Rodney,Pitcher,SEA,RP,64,0,0,31,5,2,65,4,4,52,21,3,71,27,2.98,1.23
Huston Street,Pitcher,SD,RP,59,0,0,31,3,1,57,3,3,48,20,6,54,15,3.16,1.12
Bobby Parnell,Pitcher,NYM,RP,62,0,0,29,3,1,62,4,4,54,20,4,55,18,2.84,1.17
Jim Henderson,Pitcher,MIL,RP,61,0,0,32,4,2,61,4,4,50,22,7,73,25,3.28,1.23
Michael Wacha,Pitcher,STL,SP/RP,29,0,0,0,1,0,172,12,8,154,66,15,158,52,3.44,1.19
John Axford,Pitcher,CLE,RP,66,0,0,26,5,3,65,4,4,60,26,6,70,26,3.57,1.33
Nate Jones,Pitcher,CWS,RP,62,0,0,25,3,8,69,4,3,60,26,5,75,26,3.38,1.25
Anthony Cingrani,Pitcher,CIN,SP/RP,27,0,0,0,0,0,153,10,8,126,58,17,167,63,3.42,1.24
Tommy Hunter,Pitcher,BAL,RP,62,0,0,25,3,6,75,5,4,70,29,9,60,15,3.49,1.14
Andrew Cashner,Pitcher,SD,SP/RP,30,0,0,0,0,0,176,11,9,162,68,12,140,51,3.44,1.21
Jose Veras,Pitcher,CHC,RP,66,0,0,25,4,6,65,3,4,54,25,5,67,27,3.4,1.25
Neftali Feliz,Pitcher,TEX,RP,47,0,0,22,3,7,54,3,2,46,19,5,52,23,3.11,1.28
Drew Smyly,Pitcher,DET,RP,26,0,0,0,1,2,143,10,7,135,60,13,130,44,3.76,1.25
Rex Brothers,Pitcher,COL,RP,69,0,0,16,2,13,67,4,3,55,23,5,80,34,3.05,1.33
Alex Wood,Pitcher,ATL,SP/RP,31,0,0,0,0,1,137,9,6,127,52,9,126,47,3.42,1.27
Danny Farquhar,Pitcher,SEA,RP,60,0,0,13,2,15,63,3,3,52,23,4,76,23,3.21,1.18
LaTroy Hawkins,Pitcher,COL,RP,62,0,0,17,3,6,61,3,3,63,24,5,42,13,3.55,1.25
Joakim Soria,Pitcher,TEX,RP,57,0,0,15,2,11,52,3,3,46,21,5,55,21,3.62,1.29
Tyson Ross,Pitcher,SD,SP/RP,25,0,0,0,0,0,145,8,9,133,62,10,127,56,3.82,1.31
Joaquin Benoit,Pitcher,SD,RP,65,0,0,12,2,19,65,4,3,50,20,5,74,21,2.81,1.09
Mark Melancon,Pitcher,PIT,RP,64,0,0,9,3,22,68,4,2,60,20,4,64,13,2.63,1.08
Jesse Crain,Pitcher,HOU,RP,54,0,0,8,2,10,53,4,2,43,17,5,62,20,2.79,1.19
Cody Allen,Pitcher,CLE,RP,64,0,0,8,1,16,65,4,2,57,22,6,75,25,3.04,1.24
Chad Qualls,Pitcher,HOU,RP,61,0,0,11,3,6,59,4,4,61,26,4,42,19,3.88,1.35
Tyler Clippard,Pitcher,WSH,RP,67,0,0,2,2,27,69,4,3,51,23,8,75,24,3,1.09
Carlos Martinez,Pitcher,STL,RP,39,0,0,0,0,13,73,5,6,74,32,6,58,25,3.94,1.35
J.J. Hoover,Pitcher,CIN,RP,59,0,0,3,2,13,61,4,3,48,21,6,61,23,3.03,1.17
Sergio Santos,Pitcher,TOR,RP,50,0,0,4,2,16,48,3,2,38,17,4,54,16,3.17,1.1
Hector Santiago,Pitcher,LAA,SP/RP,34,0,0,0,0,1,153,8,9,142,67,16,137,69,3.93,1.38
Pedro Strop,Pitcher,CHC,RP,61,0,0,9,2,13,61,3,3,50,22,4,64,27,3.27,1.26
Brian Wilson,Pitcher,LAD,RP,55,0,0,5,1,19,55,4,3,48,18,3,53,21,2.99,1.23
J.J. Putz,Pitcher,ARI,RP,52,0,0,4,1,17,51,3,2,42,17,4,53,17,2.97,1.15
Jake McGee,Pitcher,TB,RP,65,0,0,4,1,21,59,5,3,47,20,5,68,19,3.02,1.11
Tanner Scheppers,Pitcher,TEX,RP,61,0,0,3,2,18,61,4,3,58,23,6,51,19,3.39,1.25
Jonathan Broxton,Pitcher,CIN,RP,44,0,0,4,2,14,46,3,2,44,19,5,40,17,3.74,1.32
Edward Mujica,Pitcher,BOS,RP,60,0,0,6,2,19,63,3,2,62,25,7,46,11,3.53,1.15
Darren O'Day,Pitcher,BAL,RP,64,0,0,6,2,16,61,4,3,51,19,7,59,15,2.86,1.08
Joshua Fields,Pitcher,HOU,RP,55,0,0,14,3,8,61,2,4,53,28,7,62,28,4.06,1.32
Heath Bell,Pitcher,TB,RP,61,0,0,2,1,12,62,4,3,62,27,6,60,20,3.97,1.32
Kevin Gausman,Pitcher,BAL,SP/RP,22,0,0,0,1,3,105,7,6,103,47,12,98,29,4.05,1.26
Jason Motte,Pitcher,STL,RP,49,0,0,5,1,11,48,3,2,40,17,4,48,14,3.13,1.12
Ryan Cook,Pitcher,OAK,RP,63,0,0,4,3,20,62,5,3,52,20,4,63,24,2.92,1.24
Kelvin Herrera,Pitcher,KC,RP,60,0,0,2,1,16,64,5,4,54,22,5,73,21,3.06,1.16
Carlos Martinez,Pitcher,MIA,RP/SP,35,0,0,0,0,6,78,4,3,70,30,6,69,27,3.47,1.25
Matt Lindstrom,Pitcher,CWS,RP,63,0,0,6,3,14,58,3,3,58,22,4,47,19,3.43,1.33
Luke Gregerson,Pitcher,OAK,RP,64,0,0,3,2,24,64,4,4,55,22,4,59,19,3.09,1.16
Brett Anderson,Pitcher,COL,SP/RP,21,0,0,1,0,0,109,6,7,112,50,9,88,37,4.14,1.36
Alexi Ogando,Pitcher,TEX,SP/RP,30,0,0,0,0,4,124,8,7,116,54,16,93,41,3.96,1.27
Sean Doolittle,Pitcher,OAK,RP,60,0,0,2,2,21,58,4,3,49,20,4,58,14,3.01,1.07
Jordan Walden,Pitcher,ATL,RP,55,0,0,2,1,13,53,4,3,44,19,5,62,19,3.25,1.19
Brad Ziegler,Pitcher,ARI,RP,68,0,0,5,1,14,67,5,2,61,21,3,43,22,2.85,1.23
Steve Delabar,Pitcher,TOR,RP,56,0,0,1,2,12,58,4,4,48,23,6,72,28,3.6,1.32
Joel Peralta,Pitcher,TB,RP,67,0,0,2,2,23,64,4,4,48,24,6,68,24,3.34,1.13
Junichi Tazawa,Pitcher,BOS,RP,60,0,0,2,2,20,60,4,3,56,21,6,61,13,3.17,1.16
Francisco Rodriguez,Pitcher,MIL,RP,61,0,0,5,2,14,61,4,3,55,23,7,65,23,3.45,1.27
Brandon Kintzler,Pitcher,MIL,RP,57,0,0,2,2,21,58,3,3,56,22,3,44,16,3.4,1.24
Drew Storen,Pitcher,WSH,RP,62,0,0,3,1,22,61,4,2,54,23,5,56,18,3.34,1.19
Kyle Drabek,Pitcher,TOR,RP,20,0,0,0,0,0,58,3,4,63,35,7,39,32,5.46,1.66
Steven Rodriguez,Pitcher,LAD,RP,55,0,0,1,2,13,43,3,2,32,14,4,48,17,2.83,1.13
Kevin Siegrist,Pitcher,STL,RP,55,0,0,0,1,18,56,4,2,40,17,4,61,25,2.66,1.16
Luke Hochevar,Pitcher,KC,RP,45,0,0,0,0,16,76,5,3,64,28,9,76,23,3.31,1.15
Neal Cotts,Pitcher,TEX,RP,50,0,0,0,1,7,52,5,2,42,16,4,57,18,2.83,1.15
Daniel Webb,Pitcher,CWS,RP,46,0,0,2,1,9,55,2,2,52,25,4,50,26,4.03,1.42
Joe Kelly,Pitcher,STL,SP/RP,33,0,0,0,0,0,121,8,6,122,50,9,81,43,3.72,1.36
Tom Wilhelmsen,Pitcher,SEA,RP,57,0,0,4,1,15,62,2,3,54,26,5,56,29,3.85,1.34
Casey Fien,Pitcher,MIN,RP,56,0,0,1,1,14,52,4,3,47,22,6,55,14,3.74,1.15
Jesse Chavez,Pitcher,OAK,RP,36,0,0,0,0,4,90,5,6,89,42,11,70,28,4.19,1.3
Brett Cecil,Pitcher,TOR,RP,53,0,0,1,1,10,62,4,3,55,24,6,63,22,3.44,1.25
A.J. Ramos,Pitcher,MIA,RP,58,0,0,2,1,13,60,3,3,48,23,4,65,30,3.36,1.29
Alexander Torres,Pitcher,SD,RP,43,0,0,1,1,8,62,4,2,49,23,4,66,30,3.32,1.28
Nick Vincent,Pitcher,SD,RP,54,0,0,2,1,10,56,4,3,47,19,4,55,18,3.08,1.14
Carlos Villanueva,Pitcher,CHC,SP/RP,38,0,0,0,1,1,96,5,5,90,43,11,80,32,4.02,1.27
Kyuji Fujikawa,Pitcher,CHC,RP,32,0,0,1,1,4,30,2,1,27,12,3,32,9,3.55,1.17
Tanner Roark,Pitcher,WSH,SP/RP,22,0,0,0,0,0,103,7,6,101,44,9,72,28,3.85,1.26
Tim Stauffer,Pitcher,SD,RP,32,0,0,0,0,6,71,4,3,68,29,6,54,22,3.72,1.26
Victor Black,Pitcher,NYM,RP,52,0,0,3,2,13,56,4,3,49,22,4,57,25,3.47,1.31
Antonio Bastardo,Pitcher,PHI,RP,59,0,0,2,1,17,55,3,3,40,19,5,67,27,3.04,1.22
Sam LeCure,Pitcher,CIN,RP,53,0,0,1,1,12,60,3,2,50,21,4,62,22,3.22,1.21
Tony Watson,Pitcher,PIT,RP,63,0,0,1,1,15,61,4,2,51,21,5,52,17,3,1.11
Mike Dunn,Pitcher,MIA,RP,67,0,0,2,2,19,63,4,3,53,23,5,68,29,3.28,1.29
Robbie Ross,Pitcher,TEX,RP,49,0,0,0,0,10,63,4,2,61,23,4,53,20,3.34,1.29
Bruce Rondon,Pitcher,DET,RP,57,0,0,2,1,12,52,3,2,46,20,4,56,23,3.39,1.33
Arodys Vizcaino,Pitcher,CHC,RP,20,0,0,0,0,1,37,2,3,36,17,5,31,15,4.26,1.4
David Carpenter,Pitcher,ATL,RP,54,0,0,0,1,10,56,3,2,50,21,5,57,20,3.4,1.26
Garrett Richards,Pitcher,LAA,SP/RP,31,0,0,0,0,0,158,10,9,165,74,14,109,54,4.2,1.38
Felipe Paulino,Pitcher,CWS,SP/RP,22,0,0,0,0,0,104,6,6,100,49,10,95,46,4.21,1.41
Tyler Thornburg,Pitcher,MIL,SP/RP,25,0,0,0,0,0,98,5,5,95,45,9,81,40,4.11,1.37
Tom Koehler,Pitcher,MIA,SP/RP,27,0,0,0,0,0,139,6,10,141,69,14,96,59,4.46,1.44
Dylan Bundy,Pitcher,BAL,RP,6,0,0,0,0,0,32,2,3,32,15,5,24,14,4.23,1.41
Joe Smith,Pitcher,LAA,RP,65,0,0,3,2,24,64,5,3,56,21,4,53,23,2.93,1.24
Al Alburquerque,Pitcher,DET,RP,53,0,0,1,0,15,52,4,2,39,20,5,69,32,3.52,1.36
Josh Collmenter,Pitcher,ARI,RP,41,0,0,0,1,4,74,4,3,68,28,6,65,21,3.39,1.21
J.P. Howell,Pitcher,LAD,RP,55,0,0,0,1,8,51,3,2,44,19,5,44,21,3.37,1.27
Dane De La Rosa,Pitcher,LAA,RP,57,0,0,2,1,22,60,4,2,50,22,4,57,26,3.34,1.26
David Hernandez,Pitcher,ARI,RP,62,0,0,1,1,13,62,4,3,49,23,5,71,23,3.28,1.16
Jerome Williams,Pitcher,HOU,SP/RP,26,0,0,0,0,0,125,7,9,136,65,17,83,38,4.64,1.39
Charlie Furbush,Pitcher,SEA,RP,54,0,0,0,2,18,62,4,4,51,25,5,69,25,3.53,1.21
Bryan Shaw,Pitcher,CLE,RP,63,0,0,3,1,14,63,4,3,57,24,4,58,23,3.39,1.26
Matt Belisle,Pitcher,COL,RP,64,0,0,1,3,20,67,4,5,72,28,5,56,15,3.77,1.29
Sean Marshall,Pitcher,CIN,RP,53,0,0,2,2,14,48,3,2,38,13,3,50,12,2.53,1.06
Luis Avilan,Pitcher,ATL,RP,61,0,0,1,1,19,60,3,2,53,22,4,44,22,3.27,1.25
Will Smith,Pitcher,MIL,RP,35,0,0,0,0,5,72,4,4,70,31,10,63,22,3.91,1.27
David Phelps,Pitcher,NYY,SP/RP,24,0,0,0,0,3,101,6,5,95,47,10,90,38,4.16,1.33
Craig Stammen,Pitcher,WSH,RP,52,0,0,1,1,11,71,5,3,63,24,5,67,25,3.01,1.23
Louis Coleman,Pitcher,KC,RP,45,0,0,0,0,4,52,3,2,43,18,6,55,21,3.15,1.24
Shawn Kelley,Pitcher,NYY,RP,55,0,0,1,1,15,52,3,3,46,21,6,58,21,3.68,1.29
Manny Parra,Pitcher,CIN,RP,43,0,0,0,1,3,40,2,2,36,16,4,43,16,3.61,1.29
James Russell,Pitcher,CHC,RP,63,0,0,1,3,12,60,3,4,58,26,7,44,19,3.89,1.28
Mike Adams,Pitcher,PHI,RP,45,0,0,1,1,14,44,3,3,40,16,4,40,14,3.21,1.23
Boone Logan,Pitcher,COL,RP,59,0,0,1,1,17,47,4,3,42,19,5,54,18,3.65,1.27
Aaron Loup,Pitcher,TOR,RP,56,0,0,0,1,8,57,3,3,56,21,4,45,13,3.29,1.21
Jerry Blevins,Pitcher,WSH,RP,52,0,0,1,1,9,52,3,2,43,19,5,46,17,3.29,1.16
Ryan Webb,Pitcher,BAL,RP,58,0,0,2,2,10,63,3,4,62,26,4,43,21,3.65,1.33
Wade Davis,Pitcher,KC,SP/RP,38,0,0,1,0,5,95,5,6,98,45,12,82,37,4.23,1.42
Javier Lopez,Pitcher,SF,RP,59,0,0,2,1,18,44,3,2,39,14,2,36,15,2.89,1.23
Jason Frasor,Pitcher,TEX,RP,49,0,0,1,2,13,49,3,2,44,20,6,49,21,3.66,1.33
Jared Burton,Pitcher,MIN,RP,62,0,0,3,1,23,59,3,4,53,23,5,53,19,3.54,1.22
Bruce Chen,Pitcher,KC,SP/RP,28,0,0,0,0,0,153,9,9,154,71,18,103,46,4.15,1.3
Chia-Jen Lo,Pitcher,HOU,RP,38,0,0,1,0,8,41,2,2,41,20,5,35,17,4.4,1.41
Jose Valverde,Pitcher,NYM,RP,37,0,0,4,0,4,45,2,3,39,18,5,40,18,3.57,1.28
Justin Wilson,Pitcher,PIT,RP,48,0,0,0,2,8,57,4,2,49,21,4,49,24,3.3,1.28
Tom Gorzelanny,Pitcher,MIL,SP/RP,38,0,0,1,1,13,74,4,4,72,34,8,70,27,4.16,1.34
Yoervis Medina,Pitcher,SEA,RP,48,0,0,0,2,13,49,3,3,41,20,4,48,28,3.79,1.42
Chris Withrow,Pitcher,LAD,RP,31,0,0,0,1,5,35,2,1,28,14,4,36,17,3.58,1.29
Randy Choate,Pitcher,STL,RP,55,0,0,1,1,12,40,2,2,33,13,3,35,15,2.98,1.19
Dale Thayer,Pitcher,SD,RP,57,0,0,2,1,17,54,3,3,52,22,5,48,16,3.69,1.24
Dallas Keuchel,Pitcher,HOU,SP/RP,25,0,0,0,0,0,121,5,9,136,66,11,83,42,4.92,1.47
Carter Capps,Pitcher,MIA,RP,49,0,0,0,1,11,55,3,2,54,24,5,58,21,3.93,1.37
Blake Parker,Pitcher,CHC,RP,52,0,0,2,0,7,49,2,2,44,20,5,52,21,3.74,1.32
Aaron Crow,Pitcher,KC,RP,61,0,0,1,2,20,59,4,4,55,23,6,58,25,3.56,1.35
Chris Perez,Pitcher,LAD,RP,53,0,0,3,2,9,54,3,3,52,24,6,50,19,4.05,1.31
Santiago Casilla,Pitcher,SF,RP,60,0,0,2,1,21,57,4,3,50,20,4,46,25,3.17,1.31
Joe Thatcher,Pitcher,ARI,RP,44,0,0,0,1,10,35,2,2,33,14,4,33,12,3.55,1.29
Michael Gonzalez,Pitcher,FA,RP,44,0,0,0,2,4,40,1,1,39,18,5,43,17,4.05,1.4
Burke Badenhop,Pitcher,BOS,RP,49,0,0,1,1,5,53,2,2,55,22,5,37,13,3.81,1.28
Heath Hembree,Pitcher,SF,RP,46,0,0,1,0,6,44,2,2,38,16,3,43,17,3.34,1.25
Erik Bedard,Pitcher,FA,SP/RP,17,0,0,0,1,0,91,4,7,88,45,8,82,42,4.45,1.43
Seth Maness,Pitcher,STL,RP,51,0,0,1,1,15,58,3,2,59,21,5,35,11,3.32,1.22
Wesley Wright,Pitcher,CHC,RP,66,0,0,0,2,15,54,2,3,48,20,5,50,19,2.85,1.25
George Kontos,Pitcher,SF,RP,47,0,0,0,1,4,49,2,2,46,19,4,41,14,3.48,1.22
Jamey Wright,Pitcher,LAD,RP,48,0,0,1,2,0,54,3,2,50,20,3,45,20,3.41,1.31
Josh Tomlin,Pitcher,CLE,RP,20,0,0,0,0,0,67,4,4,72,34,6,37,12,4.63,1.25
Carlos Carrasco,Pitcher,CLE,SP/RP,24,0,0,0,0,0,104,6,7,109,51,11,78,36,4.41,1.38
Oliver Perez,Pitcher,ARI,RP,51,0,0,1,2,4,46,3,3,41,18,6,52,21,3.5,1.33
Ryan Madson,Pitcher,FA,RP,39,0,0,1,0,5,33,2,2,29,11,2,31,9,2.93,1.18
Matt Thornton,Pitcher,NYY,RP,57,0,0,2,1,19,54,3,3,55,22,4,43,17,3.64,1.34
Wilton Lopez,Pitcher,COL,RP,60,0,0,1,2,7,64,4,3,67,25,4,45,14,3.52,1.28
Craig Breslow,Pitcher,BOS,RP,55,0,0,0,1,10,55,3,2,52,20,4,41,20,3.3,1.3
Jake Diekman,Pitcher,PHI,RP,47,0,0,0,0,3,46,2,2,40,20,3,47,27,3.88,1.48
Brandon Maurer,Pitcher,SEA,SP/RP,22,0,0,0,0,0,87,4,7,94,47,11,67,32,4.89,1.44
Ronald Belisario,Pitcher,CWS,RP,62,0,0,1,2,10,58,4,3,56,25,5,47,26,3.85,1.4
Scott Downs,Pitcher,CWS,RP,55,0,0,2,2,18,48,3,3,46,18,4,36,19,3.42,1.36
Troy Patton,Pitcher,FA,RP,43,0,0,0,1,9,47,3,1,45,18,5,37,12,3.44,1.22
Cesar Ramos,Pitcher,TB,RP,43,0,0,0,1,6,52,3,2,48,22,5,41,19,3.84,1.29
Marc Rzepczynski,Pitcher,CLE,RP,57,0,0,0,2,8,51,2,2,48,22,5,42,20,3.84,1.34
Kevin Jepsen,Pitcher,LAA,RP,52,0,0,1,1,8,45,3,2,46,21,5,41,17,4.06,1.37
Tim Collins,Pitcher,KC,RP,63,0,0,1,2,14,59,4,4,50,22,4,64,30,3.39,1.37
Sean Burnett,Pitcher,LAA,RP,46,0,0,1,2,13,42,2,2,41,17,3,33,13,3.59,1.28
Matt Albers,Pitcher,HOU,RP,57,0,0,1,2,6,60,3,3,58,26,6,46,24,3.85,1.35
Alfredo Simon,Pitcher,CIN,RP,43,0,0,0,1,6,67,4,3,65,27,6,51,22,3.59,1.29
Brian Matusz,Pitcher,BAL,RP,50,0,0,2,1,11,60,3,3,60,28,5,55,22,4.23,1.35
Chad Gaudin,Pitcher,FA,SP/RP,38,0,0,0,0,2,64,4,3,65,30,7,59,27,3.22,1.45
Fernando Salas,Pitcher,LAA,RP,39,0,0,2,4,1,42,2,3,37,17,5,38,13,3.64,1.21
Dan Jennings,Pitcher,MIA,RP,47,0,0,0,1,3,46,3,3,43,19,4,37,20,3.76,1.39
Nick Masset,Pitcher,FA,RP,23,0,0,0,0,0,24,2,2,26,12,3,21,11,4.24,1.48
Logan Ondrusek,Pitcher,CIN,RP,46,0,0,0,2,2,47,3,2,45,21,6,38,19,4.01,1.36
Octavio Dotel,Pitcher,FA,RP,28,0,0,1,1,2,30,2,1,27,13,3,30,9,3.87,1.18
Andrew Bailey,Pitcher,FA,RP,30,0,0,1,0,4,29,2,1,26,12,3,33,11,3.84,1.26
Carlos Marmol,Pitcher,MIA,RP,54,0,0,1,2,2,56,3,3,45,24,5,66,38,3.89,1.49
Vinnie Pestano,Pitcher,CLE,RP,53,0,0,3,2,15,52,2,2,45,20,6,56,22,3.42,1.29
Kyle Farnsworth,Pitcher,FA,RP,32,0,0,3,2,6,32,2,2,31,13,3,26,10,3.74,1.27
Scott Rice,Pitcher,NYM,RP,55,0,0,0,2,10,49,3,4,45,22,3,37,23,3.96,1.38
Josh Outman,Pitcher,CLE,RP,42,0,0,0,1,5,47,2,2,47,23,5,44,21,4.27,1.43
Brian Duensing,Pitcher,MIN,RP,54,0,0,1,1,16,74,4,5,80,36,7,59,24,4.36,1.4
Stephen Pryor,Pitcher,SEA,RP,32,0,0,1,0,9,30,2,1,26,12,3,31,13,3.57,1.31
Brandon Gomes,Pitcher,TB,RP,35,0,0,0,0,2,33,2,1,29,14,4,34,12,3.74,1.24
Frank Francisco,Pitcher,FA,RP,32,0,0,1,1,7,32,1,2,31,15,4,32,13,4.23,1.37
Cristhian Martinez,Pitcher,FA,RP,32,0,0,0,0,2,46,2,2,44,19,4,36,12,3.73,1.22
Jeremy Affeldt,Pitcher,SF,RP,57,0,0,1,1,12,53,2,6,52,22,3,41,21,3.72,1.37
Donnie Veal,Pitcher,CWS,RP,51,0,0,0,1,4,46,3,3,42,20,5,45,25,3.86,1.45
Eric O'Flaherty,Pitcher,OAK,RP,38,0,0,0,3,12,38,2,1,34,11,3,30,12,2.61,1.19
Stolmy Pimentel,Pitcher,PIT,RP,23,0,0,0,0,0,61,3,3,59,26,7,43,20,3.89,1.3
Jonny Venters,Pitcher,ATL,RP,40,0,0,1,2,7,42,3,2,35,14,3,44,19,2.95,1.28
Alfredo Figaro,Pitcher,MIL,SP/RP,27,0,0,0,0,4,53,3,3,55,25,7,39,14,4.29,1.29
Juan Carlos Oviedo,Pitcher,TB,RP,28,0,0,1,1,3,27,1,1,25,11,4,23,9,3.83,1.26
B.J. Rosenberg,Pitcher,PHI,RP,28,0,0,0,0,1,38,2,2,38,20,6,30,18,4.75,1.47
Anthony Swarzak,Pitcher,MIN,RP,47,0,0,0,1,3,76,3,3,78,34,7,54,20,4,1.29
Luis Ayala,Pitcher,FA,RP,44,0,0,0,2,4,46,3,2,48,18,4,32,14,3.39,1.33
Steve Johnson,Pitcher,BAL,RP,19,0,0,0,0,0,36,2,2,34,19,6,34,19,4.64,1.46
Jeanmar Gomez,Pitcher,PIT,SP/RP,34,0,0,0,0,5,78,4,4,78,36,7,49,26,4.16,1.33
Maikel Cleto,Pitcher,CWS,RP,24,0,0,0,0,0,34,1,3,35,20,6,29,25,5.35,1.75
Dellin Betances,Pitcher,NYY,RP,35,0,0,1,1,3,56,3,4,58,33,8,55,37,5.2,1.68
Vin Mazzaro,Pitcher,PIT,RP,48,0,0,0,1,6,59,4,3,60,26,4,39,21,3.95,1.36
Matt Guerrier,Pitcher,FA,RP,29,0,0,0,2,3,31,2,2,31,15,3,22,13,4.35,1.4
Josh Edgin,Pitcher,NYM,RP,54,0,0,1,2,6,49,2,3,44,21,5,43,21,3.91,1.32
Franklin Morales,Pitcher,COL,RP,42,0,0,0,0,2,57,3,3,55,27,7,52,25,4.2,1.39
Kevin Gregg,Pitcher,FA,RP,53,0,0,7,2,3,54,2,4,52,25,4,48,28,4.16,1.48
Joel Hanrahan,Pitcher,FA,RP,45,0,0,4,1,8,43,3,2,39,18,4,43,20,3.84,1.37
Hector Rondon,Pitcher,CHC,RP,32,0,0,1,0,5,41,2,2,40,19,4,33,17,4.31,1.41
Ian Krol,Pitcher,DET,RP,39,0,0,0,1,3,36,2,2,35,16,5,31,11,3.85,1.27
Fernando Abad,Pitcher,OAK,RP,22,0,0,0,0,0,27,1,2,28,13,4,21,9,4.31,1.37
Esmil Rogers,Pitcher,TOR,SP/RP,31,0,0,0,1,1,111,5,7,121,60,14,87,39,4.82,1.43
Scott Elbert,Pitcher,LAD,RP,25,0,0,0,0,2,23,1,1,19,8,2,21,9,2.27,1.22
Rafael Betancourt,Pitcher,FA,RP,38,0,0,11,0,0,37,3,3,36,15,7,34,10,3.74,1.24
Christian Garcia,Pitcher,WSH,RP,35,0,0,0,0,2,37,2,2,32,13,4,35,14,3.18,1.22
Tony Sipp,Pitcher,FA,RP,49,0,0,0,1,0,45,3,2,38,19,5,45,21,3.84,1.29
Brett Myers,Pitcher,FA,SP/RP,36,0,0,0,0,0,58,3,6,64,31,13,42,17,4.78,1.37
Pat Neshek,Pitcher,FA,RP,30,0,0,0,1,0,28,2,1,26,11,3,22,11,3.6,1.3
Brandon League,Pitcher,LAD,RP,49,0,0,1,1,8,52,3,3,55,23,4,34,16,4,1.35
Brandon Lyon,Pitcher,FA,RP,28,0,0,1,3,0,31,2,1,33,15,3,25,10,4.22,1.38
Brad Brach,Pitcher,BAL,RP,43,0,0,0,0,9,43,2,2,41,20,7,41,19,4.13,1.39
Ryan Mattheus,Pitcher,WSH,RP,37,0,0,0,1,8,40,2,2,43,19,3,24,15,4.18,1.42
Jose Arredondo,Pitcher,FA,RP,29,0,0,0,1,3,33,2,2,29,15,4,31,21,4.01,1.5
Jose Ceda,Pitcher,FA,RP,19,0,0,0,0,1,22,1,1,22,10,2,22,10,4.09,1.43
Josh Stinson,Pitcher,BAL,RP,30,0,0,0,0,4,60,3,10,82,48,20,37,43,4.76,2.09
Nick Hagadone,Pitcher,CLE,RP,38,0,0,0,0,3,39,2,2,35,18,5,39,22,4.1,1.44
Sam Freeman,Pitcher,STL,RP,39,0,0,0,0,4,41,3,2,40,19,4,31,19,4.07,1.41
Rich Hill,Pitcher,FA,RP,29,0,0,0,1,0,23,1,1,20,10,3,27,13,3.93,1.43
Bradley Boxberger,Pitcher,TB,RP,39,0,0,0,0,11,40,2,1,32,15,4,47,20,3.24,1.3
Rubby De La Rosa,Pitcher,BOS,RP,18,0,0,0,0,0,38,2,3,39,22,7,32,23,5.15,1.63
Joe Savery,Pitcher,OAK,RP,27,0,0,1,0,4,30,2,2,28,14,3,24,12,4.1,1.36
Justin De Fratus,Pitcher,PHI,RP,50,0,0,1,0,10,49,3,2,45,21,4,43,21,3.8,1.36
Jared Hughes,Pitcher,PIT,RP,34,0,0,0,1,5,39,2,2,38,16,3,27,15,3.74,1.35
Michael Stutes,Pitcher,PHI,RP,27,0,0,0,0,2,31,2,2,29,14,3,25,15,3.53,1.43
Jeremy Horst,Pitcher,PHI,RP,28,0,0,0,0,2,30,1,2,33,15,4,27,14,3.67,1.55
Anthony Bass,Pitcher,HOU,RP,27,0,0,0,1,3,59,2,3,63,31,8,42,24,4.67,1.47
Kameron Loe,Pitcher,SF,RP,40,0,0,1,4,0,50,3,4,54,24,6,33,14,4.25,1.35
Joba Chamberlain,Pitcher,DET,RP,43,0,0,0,0,7,43,2,1,44,21,5,38,18,4.46,1.46
Bryan Morris,Pitcher,PIT,RP,40,0,0,0,0,4,44,2,3,43,20,4,29,16,3.99,1.35
Jeurys Familia,Pitcher,NYM,RP,34,0,0,2,0,5,54,3,3,52,25,6,47,28,4.21,1.46
Shawn Camp,Pitcher,FA,RP,33,0,0,0,3,3,36,2,2,45,20,5,26,12,3.95,1.56
Brad Lincoln,Pitcher,PHI,RP,43,0,0,1,0,7,55,3,3,53,24,6,48,20,3.91,1.32
Josh Roenicke,Pitcher,FA,RP,51,0,0,1,1,6,63,2,2,61,28,7,44,32,4.05,1.49
Matt Reynolds,Pitcher,ARI,RP,27,0,0,0,1,1,28,2,1,30,13,3,29,9,3.23,1.4
Aaron Laffey,Pitcher,BAL,"SP,RP",27,0,0,0,0,0,65,2,6,76,41,20,31,29,5.65,1.61
Adam Ottavino,Pitcher,COL,RP,47,0,0,0,1,2,68,3,2,65,29,6,64,28,3.91,1.38
Adam Russell,Pitcher,ARI,RP,30,0,0,0,0,2,33,2,3,53,30,5,34,39,4.04,2.75
Andrew Miller,Pitcher,BOS,RP,41,0,0,0,0,9,43,3,2,37,18,4,51,23,3.74,1.38
Barry Zito,Pitcher,FA,"SP,RP",26,0,0,0,0,0,137,7,10,149,73,17,86,53,4.78,1.48
Bill Bray,Pitcher,FA,RP,28,0,0,0,2,0,19,2,1,16,8,2,17,10,3.76,1.36
Blake Wood,Pitcher,CLE,RP,25,0,0,0,1,0,27,2,1,25,11,3,25,13,3.83,1.43
Casey Coleman,Pitcher,CHC,RP,25,0,0,0,0,0,68,3,5,72,38,9,47,31,4.96,1.5
Chad Durbin,Pitcher,FA,RP,25,0,0,0,1,0,32,1,1,35,17,4,27,14,4.85,1.5
Chaz Roe,Pitcher,FA,RP,28,0,0,0,0,0,29,1,1,27,12,3,25,11,3.87,1.31
Chien-Ming Wang,Pitcher,FA,"SP,RP",10,0,0,0,0,0,43,2,4,51,25,8,19,13,5.3,1.49
Chris Resop,Pitcher,BOS,RP,55,0,0,1,2,0,57,3,3,63,30,9,47,23,4.7,1.49
Chris Volstad,Pitcher,LAA,"SP,RP",29,0,0,0,0,0,122,5,9,145,74,21,69,41,5.42,1.52
Clay Hensley,Pitcher,WAS,RP,34,0,0,1,1,0,40,3,4,39,22,5,29,20,4.99,1.47
Clayton Mortensen,Pitcher,KC,RP,25,0,0,0,0,0,45,2,4,45,24,10,32,24,4.92,1.56
Daniel Bard,Pitcher,TEX,"SP,RP",20,0,0,0,2,0,32,2,3,29,19,4,26,24,5.27,1.65
Daniel McCutchen,Pitcher,TEX,RP,39,0,0,0,0,0,45,3,3,49,25,10,28,18,4.89,1.49
Daniel Schlereth,Pitcher,PIT,RP,20,0,0,0,0,0,20,1,1,19,10,2,17,12,4.31,1.51
Darren Oliver,Pitcher,FA,RP,56,0,0,4,0,0,55,4,3,52,22,6,49,15,3.63,1.23
David Aardsma,Pitcher,FA,RP,21,0,0,0,0,0,20,1,1,21,11,3,17,11,5.04,1.57
David Huff,Pitcher,SF,RP,20,0,0,0,0,2,56,3,4,58,28,7,38,16,4.57,1.32
David Purcey,Pitcher,FA,"SP,RP",31,0,0,0,0,0,34,2,2,33,18,5,28,21,4.9,1.61
Dustin McGowan,Pitcher,TOR,RP,28,0,0,0,1,5,42,2,2,38,18,4,40,19,3.97,1.37
Everett Teaford,Pitcher,KC,RP,20,0,0,0,0,0,37,2,3,38,19,7,25,15,4.63,1.45
Frank Herrmann,Pitcher,CLE,RP,25,0,0,0,0,0,29,1,1,32,15,5,21,9,4.72,1.41
Henry Rodriguez,Pitcher,MIA,RP,29,0,0,2,2,0,32,1,2,27,15,3,31,22,4.22,1.54
Hisanori Takahashi,Pitcher,FA,RP,39,0,0,1,1,0,42,1,2,43,23,7,36,17,4.92,1.41
Jeff Francis,Pitcher,CIN,"SP,RP",14,0,0,0,0,0,69,4,4,74,35,8,49,18,4.55,1.32
Jeff Manship,Pitcher,PHI,RP,19,0,0,0,0,0,62,3,7,68,36,11,37,26,5.2,1.53
Jeremy Bonderman,Pitcher,FA,"SP,RP",23,0,0,0,0,0,62,2,4,73,40,11,32,26,5.74,1.58
Jeremy Jeffress,Pitcher,TOR,RP,32,0,0,0,0,2,36,2,3,34,17,4,33,19,4.21,1.47
Jess Todd,Pitcher,ARI,RP,30,0,0,0,0,2,38,3,3,61,31,7,44,29,3.7,2.38
Joe Beimel,Pitcher,SEA,RP,21,0,0,0,0,0,20,1,1,21,12,3,14,9,5.31,1.54
Joe Blanton,Pitcher,LAA,"SP,RP",25,0,0,0,0,0,111,5,7,123,56,15,87,27,4.57,1.35
Jon Rauch,Pitcher,KC,RP,24,0,0,2,3,0,27,2,3,28,15,4,20,8,4.82,1.33
Jose Contreras,Pitcher,TEX,RP,19,0,0,0,0,0,18,2,2,19,11,4,17,9,5.15,1.5
Jose Mijares,Pitcher,FA,RP,33,0,0,0,1,1,35,1,2,37,15,3,33,15,3.87,1.48
Josh Lueke,Pitcher,TB,RP,30,0,0,0,0,1,37,2,2,34,15,4,33,14,3.76,1.32
Juan Gutierrez,Pitcher,FA,RP,23,0,0,0,0,2,27,2,2,27,13,3,23,10,4.25,1.4
Kevin Slowey,Pitcher,FA,"SP,RP",12,0,0,0,0,0,51,2,4,57,25,8,37,10,4.46,1.31
Kyle McClellan,Pitcher,FA,RP,30,0,0,0,0,0,57,4,4,59,31,10,32,20,4.93,1.39
Lucas Harrell,Pitcher,HOU,"SP,RP",23,0,0,0,0,0,99,5,8,104,52,10,66,47,4.69,1.52
Manuel Banuelos,Pitcher,NYY,"RP,SP",12,0,0,0,0,0,26,1,1,27,14,4,20,13,4.96,1.55
Marcos Mateo,Pitcher,ARI,RP,20,0,0,0,0,1,21,1,2,23,11,2,18,11,3.5,1.57
Mark Lowe,Pitcher,TB,RP,28,0,0,0,1,0,30,1,2,29,14,6,26,13,4.31,1.4
Matt Capps,Pitcher,CLE,RP,21,0,0,0,3,0,22,1,2,23,11,3,13,5,4.36,1.26
Matt Daley,Pitcher,NYY,RP,16,0,0,0,0,0,18,2,1,18,8,2,17,5,3.93,1.24
Matt Palmer,Pitcher,SEA,RP,18,0,0,0,0,0,61,3,9,65,35,12,40,31,5.13,1.56
Michael Kirkman,Pitcher,TEX,RP,26,0,0,0,0,0,44,2,3,45,26,6,38,27,5.21,1.63
Mitchell Boggs,Pitcher,CWS,RP,46,0,0,1,3,0,52,2,3,54,27,10,37,25,4.73,1.51
Pedro Feliciano,Pitcher,FA,RP,27,0,0,0,0,0,24,1,1,23,10,3,18,8,3.7,1.27
Phil Coke,Pitcher,DET,RP,47,0,0,0,2,8,51,2,3,55,24,5,42,21,4.28,1.46
Rafael Perez,Pitcher,TEX,RP,33,0,0,0,1,0,27,2,2,27,12,4,17,9,3.99,1.33
Ramon Ramirez,Pitcher,SEA,RP,29,0,0,1,1,0,33,2,2,31,16,4,28,16,4.21,1.42
Randy Wells,Pitcher,FA,RP,14,0,0,0,0,0,59,3,4,67,38,13,34,28,5.76,1.6
Ross Ohlendorf,Pitcher,WSH,"SP,RP",24,0,0,0,0,1,52,3,3,56,29,7,36,19,5.02,1.44
Sean O'Sullivan,Pitcher,PHI,"SP,RP",24,0,0,0,0,0,76,4,10,86,42,14,41,29,4.9,1.5
Tim Byrdak,Pitcher,FA,RP,35,0,0,0,2,0,27,2,1,23,12,3,27,13,4.14,1.37
Wade LeBlanc,Pitcher,LAA,"SP,RP",19,0,0,0,0,0,67,3,5,73,34,11,45,21,4.61,1.41
Zach Duke,Pitcher,MIL,RP,39,0,0,0,0,8,55,3,3,63,29,13,32,17,4.84,1.46
Clay Rapada,Pitcher,LAA,RP,50,0,0,0,0,0,26,2,1,24,12,3,23,12,4.15,1.37
Alfredo Aceves,Pitcher,FA,"SP,RP",31,0,0,3,4,5,57,4,4,56,30,9,43,25,4.73,1.41
Scott Atchison,Pitcher,FA,RP,25,0,0,0,0,0,29,2,1,28,12,3,20,6,3.61,1.2
Michael Bowden,Pitcher,CHC,RP,40,0,0,0,1,3,44,1,2,39,19,6,35,19,3.91,1.34
Drake Britton,Pitcher,BOS,RP,17,0,0,0,0,0,38,3,3,41,21,6,28,19,4.92,1.55
Cesar Cabral,Pitcher,NYY,RP,36,0,0,0,0,7,39,2,2,41,22,5,36,20,5.1,1.57
Hector Noesi,Pitcher,SEA,RP,25,0,0,0,0,0,59,2,4,65,35,9,40,21,5.28,1.47
Cory Wade,Pitcher,KC,RP,45,0,0,0,1,8,44,3,3,50,25,9,32,15,3.35,1.46
Joel Carreno,Pitcher,NYM,RP,36,0,0,0,0,0,41,3,4,37,18,6,42,20,3.97,1.38
Luis Perez,Pitcher,TOR,RP,19,0,0,0,1,0,27,2,1,26,12,3,24,11,4.12,1.38
Dylan Axelrod,Pitcher,FA,"SP,RP",14,0,0,0,0,0,52,2,4,60,30,8,35,19,5.21,1.53
Deunte Heath,Pitcher,CWS,RP,33,0,0,0,0,0,44,2,3,44,24,7,34,25,4.98,1.58
Duane Below,Pitcher,DET,RP,17,0,0,0,0,2,43,2,3,53,25,7,25,16,3.98,1.6
Jose Ortega,Pitcher,DET,RP,40,0,0,1,0,5,44,2,4,42,23,7,41,28,4.72,1.59
Brayan Villarreal,Pitcher,BOS,RP,34,0,0,0,0,3,38,3,3,34,18,5,37,26,4.23,1.58
Nate Adcock,Pitcher,TEX,RP,26,0,0,0,0,0,67,3,4,75,39,15,36,31,5.2,1.58
Luis Mendoza,Pitcher,FA,"SP,RP",27,0,0,0,0,0,111,5,7,121,57,11,66,47,4.61,1.5
Alex Burnett,Pitcher,FA,RP,47,0,0,0,1,0,44,3,3,45,21,4,26,17,4.3,1.4
Jeff Gray,Pitcher,FA,RP,29,0,0,0,1,0,34,2,2,38,21,5,19,17,5.53,1.61
Michael Kohn,Pitcher,LAA,RP,49,0,0,0,1,5,46,2,2,41,21,5,45,22,4.02,1.38
Pedro Figueroa,Pitcher,TEX,RP,34,0,0,0,0,0,42,2,3,45,27,7,30,26,5.79,1.68
Guillermo Moscoso,Pitcher,FA,"SP,RP",38,0,0,0,0,0,88,5,7,81,43,13,71,40,4.38,1.38
Neil Wagner,Pitcher,TOR,RP,38,0,0,0,0,0,40,3,3,39,18,5,36,16,4.03,1.37
Blake Beavan,Pitcher,SEA,RP,26,0,0,0,0,0,89,4,7,103,50,15,43,19,5.01,1.37
Cesar Jimenez,Pitcher,PHI,RP,28,0,0,0,0,2,34,2,4,40,20,6,30,21,3.57,1.81
Lucas Luetge,Pitcher,SEA,RP,51,0,0,0,0,3,47,2,2,46,22,5,41,22,4.23,1.45
Chance Ruffin,Pitcher,SEA,RP,34,0,0,0,0,0,54,2,7,62,35,16,38,26,5.71,1.6
Jairo Asencio,Pitcher,CWS,RP,42,0,0,0,0,0,43,2,3,43,23,7,38,20,4.75,1.47
Cory Gearrin,Pitcher,ATL,RP,44,0,0,0,1,7,39,2,1,35,16,3,35,17,3.72,1.35
Anthony Varvaro,Pitcher,ATL,RP,51,0,0,0,1,7,58,3,2,55,24,6,46,25,3.71,1.38
Arquimedes Caminero,Pitcher,MIA,RP,42,0,0,0,0,4,44,3,2,39,19,4,41,19,3.84,1.31
Brad Hand,Pitcher,MIA,RP,27,0,0,0,0,0,83,4,5,79,41,9,67,45,4.39,1.49
Chris Hatcher,Pitcher,FA,RP,42,0,0,0,0,3,49,2,3,56,28,7,40,26,3.38,1.67
Evan Reed,Pitcher,DET,RP,37,0,0,0,0,5,46,2,2,48,23,5,36,21,4.51,1.48
Sandy Rosario,Pitcher,FA,RP,41,0,0,0,0,5,42,2,3,39,18,4,27,15,2.49,1.28
Pedro Beato,Pitcher,CIN,RP,20,0,0,0,0,1,24,1,2,25,14,5,16,11,5.06,1.47
Robert Carson,Pitcher,LAA,RP,37,0,0,0,0,2,43,2,3,51,27,9,30,20,3.67,1.63
Jeremy Hefner,Pitcher,FA,"SP,RP",11,0,0,0,0,0,58,3,5,61,28,10,40,17,4.41,1.34
Phillippe Aumont,Pitcher,PHI,RP,35,0,0,1,0,4,34,2,3,31,17,3,34,27,4.62,1.71
J.C. Ramirez,Pitcher,FA,RP,33,0,0,0,0,2,45,3,5,75,41,9,48,38,4.13,2.53
Jeff Beliveau,Pitcher,TB,RP,26,0,0,0,0,0,26,2,2,23,11,3,26,13,3.91,1.39
Alberto Cabrera,Pitcher,CHC,RP,23,0,0,0,0,0,46,2,4,47,24,8,37,20,4.65,1.46
Manuel Corpas,Pitcher,FA,RP,31,0,0,0,2,0,43,1,2,47,25,7,28,16,5.15,1.47
Paul Clemens,Pitcher,HOU,"SP,RP",22,0,0,0,0,1,95,4,8,106,55,13,59,35,5.23,1.49
Rhiner Cruz,Pitcher,HOU,RP,30,0,0,0,0,0,32,1,2,34,20,6,24,21,5.74,1.73
Fernando Rodriguez,Pitcher,OAK,RP,26,0,0,0,1,0,31,2,3,29,15,4,33,16,4.29,1.42
Mike Fiers,Pitcher,MIL,"SP,RP",20,0,0,0,0,0,71,4,5,71,34,10,61,23,4.28,1.32
Kyle McPherson,Pitcher,PIT,"SP,RP",13,0,0,0,0,0,48,3,4,50,22,7,33,11,4.11,1.27
Duke Welker,Pitcher,PIT,RP,37,0,0,0,0,0,41,3,3,39,19,3,32,23,4.21,1.5
Eduardo Sanchez,Pitcher,DET,RP,33,0,0,1,1,4,33,2,2,27,17,5,26,21,2.99,1.44
Joe Paterson,Pitcher,ARI,RP,35,0,0,0,0,0,31,2,2,31,14,4,25,12,4.06,1.35
Mike Zagurski,Pitcher,CLE,RP,29,0,0,0,0,0,30,1,3,29,17,8,29,18,5.19,1.58
Edgmer Escalona,Pitcher,BAL,RP,33,0,0,0,0,4,42,3,3,54,27,9,43,19,3.9,1.73
Javy Guerra,Pitcher,LAD,RP,28,0,0,1,2,3,33,1,2,32,14,5,27,14,3.71,1.38
Yoshinori Tateyama,Pitcher,NYY,RP,29,0,0,0,0,0,34,1,1,34,18,6,29,10,4.77,1.3
Cody Eppley,Pitcher,PIT,RP,34,0,0,0,0,0,31,2,1,30,15,2,22,16,4.26,1.48
Wilmer Font,Pitcher,TEX,RP,38,0,0,0,0,0,35,2,2,31,17,4,38,21,4.29,1.49
Adam Warren,Pitcher,NYY,RP,31,0,0,0,0,4,58,3,3,61,29,8,44,23,4.52,1.45
Sam Dyson,Pitcher,MIA,RP,26,0,0,0,0,0,48,2,4,51,23,3,23,18,4.28,1.44
Chad Jenkins,Pitcher,TOR,"SP,RP",27,0,0,0,0,1,54,2,4,62,32,12,26,17,5.32,1.47
Brian Omogrosso,Pitcher,CWS,RP,19,0,0,0,0,1,28,1,2,33,17,5,26,14,3.55,1.68
Scott Barnes,Pitcher,CLE,RP,23,0,0,0,0,0,37,2,5,37,22,9,35,21,5.3,1.55
Darin Downs,Pitcher,HOU,RP,24,0,0,1,0,3,30,1,2,30,14,3,27,11,4.14,1.37
Luke Putkonen,Pitcher,DET,RP,30,0,0,0,0,2,36,2,2,38,18,3,28,14,4.42,1.43
Francisley Bueno,Pitcher,KC,RP,25,0,0,0,0,0,31,2,2,32,15,4,20,12,4.27,1.42
Nick Maronde,Pitcher,LAA,RP,30,0,0,0,0,0,43,2,3,43,22,6,35,20,4.59,1.46
Evan Scribner,Pitcher,OAK,RP,36,0,0,0,0,1,39,2,1,37,17,5,33,12,3.8,1.26
Josh Kinney,Pitcher,PIT,RP,27,0,0,0,0,0,29,1,2,28,13,3,22,11,3.86,1.3
Cory Burns,Pitcher,TEX,RP,34,0,0,0,0,1,36,2,2,35,15,4,31,14,3.8,1.37
Justin Grimm,Pitcher,CHC,"SP,RP",22,0,0,0,0,0,65,4,5,71,33,6,49,21,4.57,1.41
Greg Burke,Pitcher,FA,RP,32,0,0,0,0,0,35,1,2,39,19,5,24,14,5.03,1.52
Jimmy Nelson,Pitcher,MIL,RP,22,0,0,0,0,0,56,3,4,56,30,8,46,31,4.76,1.54
Raul Valdes,Pitcher,HOU,RP,28,0,0,0,0,1,39,2,2,40,19,7,34,11,4.45,1.29
Hector Ambriz,Pitcher,FA,RP,55,0,0,1,2,0,44,3,4,50,27,9,34,20,5.44,1.58
Xavier Cedeno,Pitcher,WSH,RP,28,0,0,0,0,1,24,1,1,23,11,2,21,11,3.88,1.37
Jim Miller,Pitcher,NYY,RP,40,0,0,0,0,0,37,2,2,36,19,8,34,18,4.59,1.47
Donnie Joseph,Pitcher,KC,RP,31,0,0,0,0,0,32,2,2,30,16,5,32,21,4.52,1.56
Tom Layne,Pitcher,BOS,RP,47,0,0,0,0,0,45,3,3,46,24,5,34,25,4.7,1.57
Joe Ortiz,Pitcher,TEX,RP,42,0,0,0,0,0,46,2,2,49,23,7,31,12,4.38,1.32
T.J. McFarland,Pitcher,BAL,RP,26,0,0,0,0,0,60,3,3,65,30,7,41,23,4.41,1.45
Edgar Gonzalez,Pitcher,FA,"SP,RP",12,0,0,0,0,0,52,3,3,55,27,8,32,15,4.63,1.34
Ethan Martin,Pitcher,PHI,"SP,RP",19,0,0,0,1,0,49,2,6,49,29,8,44,32,5.4,1.67
Robert Coello,Pitcher,FA,RP,27,0,0,0,0,4,33,2,2,30,16,5,34,17,4.36,1.43
Michael Roth,Pitcher,LAA,RP,19,0,0,0,0,0,38,2,4,41,22,7,26,18,5.22,1.55
Jose Cisnero,Pitcher,HOU,RP,28,0,0,0,2,10,41,2,2,43,21,6,39,22,4.56,1.56
David Martinez,Pitcher,HOU,RP,17,0,0,0,0,0,44,2,4,51,25,7,26,14,5.12,1.46
Preston Claiborne,Pitcher,NYY,RP,40,0,0,1,0,5,47,1,2,47,22,6,39,16,4.12,1.32
Jose Dominguez,Pitcher,LAD,RP,23,0,0,0,0,0,25,1,1,22,11,3,25,14,3.77,1.41
Preston Guilmet,Pitcher,CLE,RP,50,0,0,0,0,6,54,3,3,54,25,7,45,18,4.14,1.32
Luis Garcia,Pitcher,PHI,RP,29,0,0,0,0,2,36,1,2,33,17,5,28,20,4.19,1.5
Nick Christiani,Pitcher,CIN,RP,23,0,0,0,0,0,27,2,2,28,15,5,16,11,4.92,1.46
Yimi Garcia,Pitcher,LAD,RP,34,0,0,0,0,0,36,3,4,33,17,6,38,14,4.11,1.3
Kirby Yates,Pitcher,TB,RP,29,0,0,0,0,0,35,2,2,30,16,4,35,22,4.04,1.49
Michael Mariot,Pitcher,KC,RP,18,0,0,0,0,0,34,2,2,38,20,4,21,15,5.22,1.55
Michael Brady,Pitcher,MIA,RP,31,0,0,0,0,0,32,2,2,32,14,3,26,9,3.78,1.26
Bo Schultz,Pitcher,ARI,RP,19,0,0,0,0,0,46,3,4,50,25,6,27,21,4.88,1.52
Patrick Schuster,Pitcher,SD,RP,14,0,0,0,0,0,15,1,1,15,8,2,11,7,4.5,1.47
Ross Wolf,Pitcher,FA,RP,31,0,0,0,0,0,46,2,3,53,23,8,24,16,4.6,1.5
Clayton Kershaw,Pitcher,LAD,SP,32,32,3,0,0,0,225,18,7,177,62,14,229,55,2.47,1.03
Yu Darvish,Pitcher,TEX,SP,31,31,1,0,0,0,207,16,8,161,71,19,256,80,3.09,1.17
Adam Wainwright,Pitcher,STL,SP,32,32,3,0,0,0,217,17,9,200,76,15,197,43,3.15,1.12
Felix Hernandez,Pitcher,SEA,SP,32,32,3,0,0,0,216,14,10,194,75,15,217,55,3.13,1.15
Max Scherzer,Pitcher,DET,SP,32,32,1,0,0,0,204,16,8,174,73,19,223,58,3.23,1.14
Stephen Strasburg,Pitcher,WSH,SP,30,30,2,0,0,0,185,14,7,150,62,14,202,55,3.03,1.11
Cliff Lee,Pitcher,PHI,SP,31,31,2,0,0,0,217,14,10,197,73,19,214,36,3.02,1.07
Jose Fernandez,Pitcher,MIA,SP,30,30,2,0,0,0,188,14,8,147,58,12,202,64,2.78,1.12
Madison Bumgarner,Pitcher,SF,SP,32,32,2,0,0,0,207,14,9,176,70,15,204,58,3.05,1.13
Chris Sale,Pitcher,CWS,SP,31,31,3,0,0,0,210,14,10,186,76,20,217,49,3.24,1.12
Justin Verlander,Pitcher,DET,SP,32,32,2,0,0,0,214,16,9,188,74,19,213,63,3.1,1.17
David Price,Pitcher,TB,SP,31,31,2,0,0,0,211,15,9,191,74,16,192,46,3.16,1.12
Zack Greinke,Pitcher,LAD,SP,31,31,1,0,0,0,199,15,8,178,68,15,180,51,3.1,1.15
Anibal Sanchez,Pitcher,DET,SP,31,31,1,0,0,0,194,14,9,177,71,16,197,57,3.29,1.21
Gio Gonzalez,Pitcher,WSH,SP,32,32,2,0,0,0,199,14,9,173,74,15,194,75,3.33,1.25
Jordan Zimmermann,Pitcher,WSH,SP,32,32,3,0,0,0,205,15,10,195,78,17,158,42,3.41,1.16
Matt Cain,Pitcher,SF,SP,31,31,1,0,0,0,202,12,10,177,75,18,173,56,3.32,1.15
Mat Latos,Pitcher,CIN,SP,32,32,2,0,0,0,209,14,9,190,78,17,188,60,3.37,1.19
Homer Bailey,Pitcher,CIN,SP,31,31,2,0,0,0,201,13,10,185,79,20,180,52,3.52,1.18
Gerrit Cole,Pitcher,PIT,SP,30,30,1,0,0,0,183,13,9,164,69,13,165,55,3.4,1.19
James Shields,Pitcher,KC,SP,32,32,2,0,0,0,217,14,10,206,84,19,192,62,3.46,1.23
Cole Hamels,Pitcher,PHI,SP,30,30,2,0,0,0,195,12,9,178,72,18,181,46,3.33,1.15
Alex Cobb,Pitcher,TB,SP,30,29,2,0,0,0,187,13,8,166,69,14,166,59,3.3,1.2
Julio Teheran,Pitcher,ATL,SP,30,30,1,0,0,0,187,13,9,171,73,19,167,49,3.51,1.18
Mike Minor,Pitcher,ATL,SP,30,30,1,0,0,0,187,12,9,169,72,19,164,49,3.46,1.17
Shelby Miller,Pitcher,STL,SP,30,30,1,0,0,0,176,13,9,155,67,17,172,59,3.43,1.22
Masahiro Tanaka,Pitcher,NYY,SP,31,30,2,0,0,0,194,14,9,184,77,17,172,49,3.55,1.2
Matt Moore,Pitcher,TB,SP,30,30,1,0,0,0,179,13,9,152,69,16,176,82,3.45,1.3
Hisashi Iwakuma,Pitcher,SEA,SP,29,29,1,0,0,0,183,12,8,166,67,18,152,43,3.3,1.14
Hyun-Jin Ryu,Pitcher,LAD,SP,30,30,2,0,0,0,192,13,10,180,74,17,158,52,3.47,1.21
Jered Weaver,Pitcher,LAA,SP,30,30,2,0,0,0,191,14,9,175,74,20,149,48,3.46,1.17
Michael Wacha,Pitcher,STL,SP/RP,29,27,1,0,0,0,172,12,8,154,66,15,158,52,3.44,1.19
Doug Fister,Pitcher,WSH,SP,31,31,1,0,0,0,197,13,9,196,75,13,153,43,3.41,1.21
Francisco Liriano,Pitcher,PIT,SP,29,29,2,0,0,0,180,13,10,156,70,13,176,73,3.51,1.27
Johnny Cueto,Pitcher,CIN,SP,27,26,1,0,0,0,167,11,8,155,61,14,131,47,3.26,1.2
Jeff Samardzija,Pitcher,CHC,SP,31,31,2,0,0,0,200,11,11,187,85,19,196,69,3.83,1.28
Sonny Gray,Pitcher,OAK,SP,30,29,1,0,0,0,178,13,9,162,70,14,159,62,3.52,1.26
Danny Salazar,Pitcher,CLE,SP,27,25,0,0,0,0,155,10,8,140,61,15,169,50,3.54,1.22
Anthony Cingrani,Pitcher,CIN,SP/RP,27,26,0,0,0,0,153,10,8,126,58,17,167,63,3.42,1.24
Jon Lester,Pitcher,BOS,SP,32,32,1,0,0,0,205,14,9,198,85,18,174,65,3.75,1.28
Hiroki Kuroda,Pitcher,NYY,SP,31,31,1,0,0,0,196,12,11,193,81,20,146,46,3.73,1.22
Andrew Cashner,Pitcher,SD,SP/RP,30,28,2,0,0,0,176,11,9,162,68,12,140,51,3.44,1.21
Clay Buchholz,Pitcher,BOS,SP,25,25,1,0,0,0,158,12,7,146,63,14,127,54,3.6,1.27
CC Sabathia,Pitcher,NYY,SP,31,31,1,0,0,0,205,14,11,202,89,20,179,58,3.89,1.27
Justin Masterson,Pitcher,CLE,SP,32,31,2,0,0,0,198,12,11,183,82,14,176,76,3.73,1.31
Lance Lynn,Pitcher,STL,SP,31,30,1,0,0,0,185,13,10,171,76,14,179,67,3.68,1.29
R.A. Dickey,Pitcher,TOR,SP,32,32,3,0,0,0,211,14,10,201,90,23,170,61,3.83,1.24
A.J. Burnett,Pitcher,PHI,SP,29,29,2,0,0,0,188,12,10,173,78,14,185,67,3.71,1.27
C.J. Wilson,Pitcher,LAA,SP,32,32,1,0,0,0,206,14,9,193,83,15,179,81,3.6,1.33
Matt Garza,Pitcher,MIL,SP,28,28,1,0,0,0,176,11,10,169,75,19,159,52,3.83,1.25
Chris Archer,Pitcher,TB,SP,29,28,1,0,0,0,168,11,10,156,71,16,144,62,3.79,1.3
Zack Wheeler,Pitcher,NYM,SP,29,29,1,0,0,0,174,11,10,160,74,15,156,72,3.8,1.33
Ervin Santana,Pitcher,ATL,SP,31,31,1,0,0,0,199,11,10,192,86,21,155,57,3.9,1.25
Corey Kluber,Pitcher,CLE,SP,29,28,1,0,0,0,173,11,9,175,78,17,153,49,4.03,1.3
Tim Lincecum,Pitcher,SF,SP,31,31,1,0,0,0,193,11,12,177,84,16,186,77,3.91,1.31
Jake Peavy,Pitcher,BOS,SP,27,27,1,0,0,0,164,11,8,157,71,18,136,41,3.91,1.21
Marco Estrada,Pitcher,MIL,SP,25,25,0,0,0,0,153,9,7,139,63,16,141,38,3.72,1.16
Chris Tillman,Pitcher,BAL,SP,31,31,1,0,0,0,192,12,10,181,84,24,163,63,3.95,1.27
Yovani Gallardo,Pitcher,MIL,SP,31,31,0,0,0,0,190,12,10,180,81,18,166,68,3.84,1.31
Alex Wood,Pitcher,ATL,SP/RP,31,21,0,0,0,0,137,9,6,127,52,9,126,47,3.42,1.27
Ubaldo Jimenez,Pitcher,BAL,SP,31,30,1,0,0,0,187,12,11,173,80,17,184,81,3.85,1.36
Dan Haren,Pitcher,LAD,SP,29,28,1,0,0,0,172,11,10,170,74,19,145,34,3.88,1.18
Taijuan Walker,Pitcher,SEA,SP,23,23,0,0,0,0,142,8,8,131,63,12,126,56,3.97,1.32
John Lackey,Pitcher,BOS,SP,29,29,1,0,0,0,181,12,10,183,81,20,145,46,4.04,1.26
Patrick Corbin,Pitcher,ARI,SP,31,31,2,0,0,0,188,12,10,182,78,18,159,51,3.73,1.24
Daniel Straily,Pitcher,OAK,SP,30,29,0,0,0,0,174,11,9,158,73,18,149,63,3.77,1.27
A.J. Griffin,Pitcher,OAK,SP,30,29,1,0,0,0,176,11,9,163,76,23,145,49,3.89,1.2
Ian Kennedy,Pitcher,SD,SP,32,31,1,0,0,0,194,11,11,185,86,21,173,65,4,1.29
Ricky Nolasco,Pitcher,MIN,SP,31,31,2,0,0,0,192,11,12,202,88,18,148,47,4.13,1.29
Ivan Nova,Pitcher,NYY,SP,30,29,3,0,0,0,180,11,9,179,78,16,145,58,3.89,1.32
Rick Porcello,Pitcher,DET,SP,32,31,1,0,0,0,185,12,10,193,82,16,141,45,4.01,1.29
Scott Kazmir,Pitcher,OAK,SP,25,24,0,0,0,0,141,9,8,136,62,14,137,46,3.93,1.29
Kris Medlen,Pitcher,ATL,SP,27,27,1,0,0,0,171,12,8,163,65,13,136,40,3.42,1.19
Brandon Beachy,Pitcher,ATL,SP,20,20,0,0,0,0,120,7,6,107,48,12,104,38,3.62,1.21
Tyson Ross,Pitcher,SD,SP/RP,25,23,1,0,0,0,145,8,9,133,62,10,127,56,3.82,1.31
Bartolo Colon,Pitcher,NYM,SP,27,27,1,0,0,0,169,11,10,176,68,15,110,30,3.63,1.22
Jarrod Parker,Pitcher,OAK,SP,31,31,2,0,0,0,188,12,9,179,81,16,140,62,3.87,1.28
Josh Johnson,Pitcher,SD,SP,24,24,0,0,0,0,140,7,10,138,60,14,124,49,3.9,1.34
Travis Wood,Pitcher,CHC,SP,29,29,1,0,0,0,176,9,10,166,78,17,131,59,3.98,1.28
Jose Quintana,Pitcher,CWS,SP,32,31,1,0,0,0,193,11,10,189,83,19,154,58,3.86,1.28
Kyle Lohse,Pitcher,MIL,SP,31,31,2,0,0,0,194,11,10,200,83,21,123,40,3.83,1.24
Michael Pineda,Pitcher,NYY,SP,20,19,0,0,0,0,114,6,6,106,52,10,106,40,4.09,1.29
Yordano Ventura,Pitcher,KC,SP,23,22,0,0,0,0,132,8,8,125,60,17,115,57,4.06,1.37
Dillon Gee,Pitcher,NYM,SP,30,29,2,0,0,0,185,11,10,186,80,18,139,50,3.88,1.27
Jonathon Niese,Pitcher,NYM,SP,28,27,1,0,0,0,167,10,9,167,70,14,130,50,3.75,1.3
Tim Hudson,Pitcher,SF,SP,28,27,1,0,0,0,173,11,9,165,70,10,117,49,3.62,1.24
Martin Perez,Pitcher,TEX,SP,29,28,1,0,0,0,170,11,9,176,79,17,117,58,4.2,1.38
Wade Miley,Pitcher,ARI,SP,31,31,1,0,0,0,193,11,10,193,82,17,140,60,3.84,1.31
Derek Holland,Pitcher,TEX,SP,19,19,1,0,0,0,117,7,6,114,51,16,102,36,3.94,1.28
Mike Leake,Pitcher,CIN,SP,30,30,0,0,0,0,182,11,10,190,82,19,119,45,4.06,1.29
Hector Santiago,Pitcher,LAA,SP/RP,34,24,0,0,0,0,153,8,9,142,67,16,137,69,3.93,1.38
Jhoulys Chacin,Pitcher,COL,SP,29,29,0,0,0,0,181,12,11,183,80,16,123,63,4.01,1.36
Brandon Morrow,Pitcher,TOR,SP,25,24,1,0,0,0,146,9,8,138,64,16,129,49,3.97,1.28
Phil Hughes,Pitcher,MIN,SP,29,28,1,0,0,0,164,9,12,172,80,20,134,45,4.4,1.32
Bronson Arroyo,Pitcher,ARI,SP,29,29,1,0,0,0,182,11,11,192,85,24,109,36,4.2,1.25
Kevin Gausman,Pitcher,BAL,SP/RP,22,17,0,0,0,0,105,7,6,103,47,12,98,29,4.05,1.26
Archie Bradley,Pitcher,ARI,SP,16,15,0,0,0,0,95,6,7,97,46,9,87,47,3.76,1.51
Wei-Yin Chen,Pitcher,BAL,SP,29,28,0,0,0,0,171,10,10,171,79,20,132,50,4.15,1.3
Tyler Skaggs,Pitcher,LAA,SP,26,23,0,0,0,0,141,8,9,133,64,18,124,54,4.09,1.33
James Paxton,Pitcher,SEA,SP,24,24,0,0,0,0,131,8,7,125,58,13,111,55,3.99,1.37
Alexi Ogando,Pitcher,TEX,SP/RP,30,17,0,0,0,0,124,8,7,116,54,16,93,41,3.96,1.27
Nathan Eovaldi,Pitcher,MIA,SP,28,27,0,0,0,0,160,8,10,158,71,12,120,61,3.98,1.37
Trevor Cahill,Pitcher,ARI,SP,30,30,0,0,0,0,184,11,10,180,80,14,134,74,3.9,1.38
Wily Peralta,Pitcher,MIL,SP,29,29,2,0,0,0,170,10,11,168,79,15,133,72,4.19,1.41
Jacob Turner,Pitcher,MIA,SP,29,28,0,0,0,0,166,8,12,170,80,16,108,67,4.34,1.43
Mark Buehrle,Pitcher,TOR,SP,31,31,1,0,0,0,197,11,11,213,92,22,126,48,4.2,1.32
Erasmo Ramirez,Pitcher,SEA,SP,21,19,0,0,0,0,118,6,7,121,56,12,91,36,4.26,1.34
Brett Anderson,Pitcher,COL,SP/RP,21,17,1,0,0,0,109,6,7,112,50,9,88,37,4.14,1.36
Josh Beckett,Pitcher,LAD,SP,20,18,1,0,0,0,114,6,7,110,52,11,97,36,4.09,1.28
Felix Doubront,Pitcher,BOS,SP,30,23,0,0,0,0,147,10,8,143,70,14,132,63,4.28,1.4
Jorge De La Rosa,Pitcher,COL,SP,28,27,0,0,0,0,161,11,9,166,74,15,115,60,4.14,1.4
Charlie Morton,Pitcher,PIT,SP,26,25,1,0,0,0,153,9,9,154,65,9,105,51,3.85,1.34
Carlos Martinez,Pitcher,MIA,RP/SP,35,7,0,0,0,0,78,4,3,70,30,6,69,27,3.47,1.25
Garrett Richards,Pitcher,LAA,SP/RP,31,25,1,0,0,0,158,10,9,165,74,14,109,54,4.2,1.38
Jake Odorizzi,Pitcher,TB,SP,18,16,0,0,0,0,109,6,7,105,51,11,85,41,4.18,1.34
Jason Vargas,Pitcher,KC,SP,30,30,2,0,0,0,187,11,11,192,88,23,128,55,4.24,1.32
Henderson Alvarez,Pitcher,MIA,SP,27,26,2,0,0,0,164,9,10,166,72,11,95,43,3.94,1.28
Wandy Rodriguez,Pitcher,PIT,SP,23,24,0,0,0,0,140,9,9,139,61,13,98,39,3.91,1.27
Bud Norris,Pitcher,BAL,SP,28,26,0,0,0,0,161,9,10,162,76,17,143,61,4.24,1.39
Miguel Gonzalez,Pitcher,BAL,SP,28,27,0,0,0,0,165,10,9,161,76,19,120,52,4.17,1.29
Erik Johnson,Pitcher,CWS,SP,24,23,0,0,0,0,137,9,9,139,63,16,105,54,4.13,1.4
Edwin Jackson,Pitcher,CHC,SP,31,31,1,0,0,0,186,10,13,194,86,17,146,60,4.15,1.36
Jaime Garcia,Pitcher,STL,SP,19,20,1,0,0,0,120,8,6,119,49,9,92,32,3.66,1.26
Tyler Chatwood,Pitcher,COL,SP,27,24,1,0,0,0,141,8,8,151,66,11,91,56,4.24,1.47
Randall Delgado,Pitcher,ARI,SP,24,21,0,0,0,0,119,6,7,118,59,16,89,41,4.46,1.34
Jeremy Hellickson,Pitcher,TB,SP,23,22,0,0,0,0,132,8,8,129,61,15,98,42,4.17,1.31
Zach McAllister,Pitcher,CLE,SP,29,29,0,0,0,0,167,10,10,169,77,16,130,54,4.16,1.33
Danny Duffy,Pitcher,KC,SP,27,17,0,0,0,0,104,6,6,96,48,12,98,50,4.14,1.4
Scott Feldman,Pitcher,HOU,SP,30,29,1,0,0,0,173,9,11,173,82,17,126,54,4.25,1.31
Brandon McCarthy,Pitcher,ARI,SP,25,24,1,0,0,0,147,8,9,159,66,14,93,28,4,1.27
Tommy Milone,Pitcher,OAK,SP,30,21,1,0,0,0,130,8,7,130,56,17,104,30,3.84,1.23
Tanner Roark,Pitcher,WSH,SP/RP,22,15,0,0,0,0,103,7,6,101,44,9,72,28,3.85,1.26
Miguel Alfredo Gonzalez,Pitcher,PHI,SP,28,16,0,0,0,0,120,6,7,123,56,10,83,39,4.19,1.35
Paul Maholm,Pitcher,LAD,SP,21,20,1,0,0,0,133,8,9,137,60,11,91,40,4.08,1.33
Trevor Bauer,Pitcher,CLE,SP,17,15,0,0,0,0,75,3,6,74,41,12,62,48,4.96,1.63
Eric Stults,Pitcher,SD,SP,26,26,1,0,0,0,157,8,10,164,71,14,99,38,4.07,1.29
Yusmeiro Petit,Pitcher,SF,SP,27,13,1,0,0,0,87,5,4,87,38,10,73,21,3.93,1.24
Brad Peacock,Pitcher,HOU,SP,24,23,0,0,0,0,137,7,9,132,68,16,122,57,4.45,1.37
Jarred Cosart,Pitcher,HOU,SP,26,25,1,0,0,0,150,6,9,147,72,12,104,79,4.32,1.5
Marcus Stroman,Pitcher,TOR,SP,15,14,0,0,0,0,82,5,6,80,38,12,76,26,4.12,1.28
Edinson Volquez,Pitcher,PIT,SP,26,25,1,0,0,0,144,7,9,141,71,15,120,66,4.4,1.44
Jeff Locke,Pitcher,PIT,SP,26,20,0,0,0,0,117,6,8,114,54,10,91,52,4.17,1.42
Drew Hutchison,Pitcher,TOR,SP,13,12,0,0,0,0,89,5,7,90,44,11,75,31,4.45,1.37
Jeremy Guthrie,Pitcher,KC,SP,30,30,2,0,0,0,189,10,12,207,93,21,106,54,4.43,1.38
Ryan Vogelsong,Pitcher,SF,SP,23,21,0,0,0,0,133,7,8,134,63,11,95,46,4.24,1.36
Brett Oberholtzer,Pitcher,HOU,SP,28,26,2,0,0,0,157,8,12,162,74,18,109,44,4.26,1.31
Ryan Dempster,Pitcher,FA,SP,15,13,0,0,0,0,80,6,5,106,52,15,94,43,4.4,1.86
Matt Harrison,Pitcher,TEX,SP,25,25,2,0,0,0,158,10,10,160,68,13,110,51,3.85,1.34
Jenrry Mejia,Pitcher,NYM,SP,28,15,0,0,0,0,98,5,6,95,41,8,79,32,3.73,1.29
Edward Butler,Pitcher,COL,SP,11,11,0,0,0,0,58,4,3,62,28,8,41,20,4.42,1.42
Joe Kelly,Pitcher,STL,SP/RP,33,17,1,0,0,0,121,8,6,122,50,9,81,43,3.72,1.36
Jameson Taillon,Pitcher,PIT,SP,12,12,0,0,0,0,84,5,8,91,41,12,75,34,3.28,1.49
Scott Baker,Pitcher,FA,SP,18,17,0,0,0,0,112,6,7,108,53,14,83,32,4.25,1.25
Jason Hammel,Pitcher,CHC,SP,26,24,0,0,0,0,145,7,9,148,68,15,109,51,4.22,1.36
Ross Detwiler,Pitcher,WSH,SP,25,15,0,0,0,0,96,5,6,102,43,7,59,26,3.97,1.33
Taylor Jordan,Pitcher,WSH,SP,16,12,0,0,0,0,68,4,5,71,31,8,42,17,4.05,1.29
Jake Arrieta,Pitcher,CHC,SP,22,19,0,0,0,0,115,6,8,107,57,11,96,51,4.45,1.38
Noah Syndergaard,Pitcher,NYM,SP,11,10,0,0,0,0,61,4,3,56,25,7,59,19,3.62,1.23
David Phelps,Pitcher,NYY,SP/RP,24,14,0,0,0,0,101,6,5,95,47,10,90,38,4.16,1.33
Tom Koehler,Pitcher,MIA,SP/RP,27,24,0,0,0,0,139,6,10,141,69,14,96,59,4.46,1.44
Chris Capuano,Pitcher,BOS,SP,27,17,0,0,0,0,111,6,7,117,51,10,87,30,4.1,1.32
Samuel Deduno,Pitcher,MIN,SP,21,19,0,0,0,0,101,6,7,102,51,10,70,50,4.51,1.5
Carlos Carrasco,Pitcher,CLE,SP/RP,24,16,0,0,0,0,104,6,7,109,51,11,78,36,4.41,1.38
Christian Friedrich,Pitcher,COL,SP,10,6,0,0,0,0,37,2,3,43,23,6,28,14,5.44,1.52
J.A. Happ,Pitcher,TOR,SP,25,24,0,0,0,0,135,7,9,135,69,15,115,60,4.59,1.44
Tyler Thornburg,Pitcher,MIL,SP/RP,25,16,0,0,0,0,98,5,5,95,45,9,81,40,4.11,1.37
Bruce Chen,Pitcher,KC,SP/RP,28,26,1,0,0,0,153,9,9,154,71,18,103,46,4.15,1.3
Nicholas Tepesch,Pitcher,TEX,SP,20,12,0,0,0,0,75,4,4,80,38,9,56,22,4.5,1.36
Felipe Paulino,Pitcher,CWS,SP/RP,22,16,0,0,0,0,104,6,6,100,49,10,95,46,4.21,1.41
Robbie Erlin,Pitcher,SD,SP,18,13,0,0,0,0,79,4,5,81,38,10,60,25,4.31,1.33
Dallas Keuchel,Pitcher,HOU,SP/RP,25,19,0,0,0,0,121,5,9,136,66,11,83,42,4.92,1.47
John Danks,Pitcher,CWS,SP,26,26,0,0,0,0,157,8,11,170,81,20,108,43,4.64,1.35
Shaun Marcum,Pitcher,FA,SP,16,13,0,0,0,0,90,5,6,89,43,7,68,27,4.28,1.28
Andrew Heaney,Pitcher,MIA,SP,11,11,0,0,0,0,84,5,7,85,38,9,58,30,4.04,1.38
David Hale,Pitcher,ATL,SP,23,10,0,0,0,0,71,4,5,76,37,9,49,29,4.62,1.46
Wade Davis,Pitcher,KC,SP/RP,38,11,0,0,0,0,95,5,6,98,45,12,82,37,4.23,1.42
Juan Nicasio,Pitcher,COL,SP,27,27,0,0,0,0,154,8,10,164,79,15,122,57,4.63,1.44
Kyle Kendrick,Pitcher,PHI,SP,29,28,1,0,0,0,166,9,12,180,82,16,102,46,4.44,1.36
Chad Billingsley,Pitcher,LAD,SP,16,13,0,0,0,0,90,5,5,89,39,4,72,33,3.91,1.37
Alex Meyer,Pitcher,MIN,SP,16,16,0,0,0,0,75,4,6,73,36,9,67,35,4.3,1.43
Colby Lewis,Pitcher,FA,SP,19,13,1,0,0,0,86,5,5,85,42,12,70,23,4.42,1.27
Andre Rienzo,Pitcher,CWS,SP,22,19,0,0,0,0,104,5,7,106,55,14,80,51,4.73,1.5
Johan Santana,Pitcher,FA,SP,10,10,1,0,0,0,50,3,2,50,25,5,44,17,4.46,1.32
Carlos Villanueva,Pitcher,CHC,SP/RP,38,8,0,0,0,0,96,5,5,90,43,11,80,32,4.02,1.27
Kyle Zimmer,Pitcher,KC,SP,13,13,0,0,0,0,61,4,6,59,30,10,57,24,4.36,1.36
Gavin Floyd,Pitcher,ATL,SP,17,15,0,0,0,0,97,5,7,96,45,8,80,33,4.21,1.34
Lucas Harrell,Pitcher,HOU,SP/RP,23,14,1,0,0,0,99,5,8,104,52,10,66,47,4.69,1.52
Tommy Hanson,Pitcher,TEX,SP,19,15,0,0,0,0,89,5,6,93,47,15,74,35,4.75,1.44
Kevin Correia,Pitcher,MIN,SP,30,30,0,0,0,0,177,9,12,201,90,20,97,46,4.56,1.4
Jeff Niemann,Pitcher,FA,SP,14,14,0,0,0,0,65,5,4,63,29,9,50,20,4.04,1.27
Tsuyoshi Wada,Pitcher,CHC,SP,26,8,0,0,0,0,62,3,5,66,33,9,43,26,4.84,1.49
Vidal Nuno,Pitcher,NYY,SP,12,9,0,0,0,0,52,3,4,53,25,8,36,14,4.33,1.3
Jonathan Pettibone,Pitcher,PHI,SP,18,15,0,0,0,0,92,5,6,98,42,8,58,32,4.15,1.42
Roberto Hernandez,Pitcher,PHI,SP,22,21,1,0,0,0,131,7,9,140,66,15,86,36,4.57,1.35
Jerome Williams,Pitcher,HOU,SP/RP,26,17,0,0,0,0,125,7,9,136,65,17,83,38,4.64,1.39
Mike Pelfrey,Pitcher,MIN,SP,27,26,1,0,0,0,147,7,10,164,75,16,94,48,4.63,1.45
Tom Gorzelanny,Pitcher,MIL,SP/RP,38,6,0,0,0,0,74,4,4,72,34,8,70,27,4.16,1.34
Jeff Karstens,Pitcher,FA,SP,32,13,0,0,0,0,99,5,7,102,44,14,66,22,4.04,1.26
Erik Bedard,Pitcher,FA,SP/RP,17,15,0,0,0,0,91,4,7,88,45,8,82,42,4.45,1.43
Kevin Slowey,Pitcher,FA,SP/RP,12,8,0,0,0,0,51,2,4,57,25,8,37,10,4.46,1.31
Alexander Colome,Pitcher,TB,SP,21,7,0,0,0,0,41,2,3,39,20,6,30,23,4.48,1.51
Joe Blanton,Pitcher,LAA,SP/RP,25,16,1,0,0,0,111,5,7,123,56,15,87,27,4.57,1.35
Daniel Hudson,Pitcher,FA,SP,5,5,0,0,0,0,27,2,2,32,14,4,23,8,3.74,1.45
Kyle Gibson,Pitcher,MIN,SP,14,14,0,0,0,0,76,3,5,83,41,8,51,28,4.83,1.46
Daisuke Matsuzaka,Pitcher,NYM,SP,18,10,0,0,0,0,67,3,5,66,34,10,53,29,4.6,1.41
Freddy Garcia,Pitcher,ATL,SP,20,13,0,0,0,0,87,5,6,90,41,9,58,25,4.31,1.32
Jordan Lyles,Pitcher,COL,SP,24,20,0,0,0,0,122,6,9,137,67,12,81,38,4.96,1.43
Aaron Harang,Pitcher,FA,SP,18,18,0,0,0,0,103,5,7,108,53,12,75,37,4.63,1.41
Nathan Karns,Pitcher,TB,SP,12,12,0,0,0,0,52,3,3,49,25,8,49,24,4.25,1.39
Brandon Maurer,Pitcher,SEA,SP/RP,22,14,0,0,0,0,87,4,7,94,47,11,67,32,4.89,1.44
Alex White,Pitcher,HOU,SP,14,10,0,0,0,0,57,2,5,63,34,11,40,27,5.32,1.57
Joe Saunders,Pitcher,TEX,SP,25,25,1,0,0,0,142,7,10,159,72,17,83,44,4.59,1.43
Danny Hultzen,Pitcher,SEA,SP,13,13,0,0,0,0,60,4,6,55,28,6,54,34,4.19,1.47
James McDonald,Pitcher,CHC,SP,28,22,0,0,0,0,116,6,8,114,60,16,97,58,4.65,1.47
Jeff Francis,Pitcher,CIN,SP/RP,14,13,0,0,0,0,69,4,4,74,35,8,49,18,4.55,1.32
Ethan Martin,Pitcher,PHI,SP/RP,19,8,0,0,0,0,49,2,6,49,29,8,44,32,5.4,1.67
Justin Grimm,Pitcher,CHC,SP/RP,22,10,0,0,0,0,65,4,5,71,33,6,49,21,4.57,1.41
Chris Rusin,Pitcher,CHC,SP,20,17,0,0,0,0,86,4,6,94,45,10,47,29,4.73,1.44
Alex Sanabia,Pitcher,ARI,SP,8,6,0,0,0,0,33,2,4,39,19,9,19,12,5.21,1.51
Liam Hendriks,Pitcher,TOR,SP,18,9,0,0,0,0,60,2,5,72,36,13,37,17,5.4,1.47
Zach Britton,Pitcher,BAL,SP,13,12,0,0,0,0,71,4,5,76,38,8,46,32,4.83,1.52
Dylan Axelrod,Pitcher,FA,SP/RP,14,7,0,0,0,0,52,2,4,60,30,8,35,19,5.21,1.53
John Lannan,Pitcher,FA,SP,15,12,0,0,0,0,71,4,5,77,37,7,38,28,4.68,1.48
Clayton Richard,Pitcher,FA,SP,24,19,0,0,0,0,111,5,8,122,56,16,57,33,4.51,1.4
Barry Zito,Pitcher,FA,SP/RP,26,24,0,0,0,0,137,7,10,149,73,17,86,53,4.78,1.48
Scott Diamond,Pitcher,MIN,SP,27,12,0,0,0,0,89,4,7,103,47,10,43,23,4.74,1.41
Vance Worley,Pitcher,MIN,SP,17,14,0,0,0,0,88,4,7,100,46,11,61,30,4.66,1.46
Paul Clemens,Pitcher,HOU,SP/RP,22,12,0,0,0,0,95,4,8,106,55,13,59,35,5.23,1.49
JR Graham,Pitcher,ATL,SP,9,9,0,0,0,0,46,3,3,47,21,5,29,15,4.14,1.36
Daniel Corcino,Pitcher,CIN,SP,15,13,0,0,0,0,69,4,8,77,49,14,44,47,6.31,1.78
Allen Webster,Pitcher,BOS,SP,14,11,0,0,0,0,54,3,3,55,30,7,42,26,5,1.5
Manuel Banuelos,Pitcher,NYY,RP/SP,12,4,0,0,0,0,26,1,1,27,14,4,20,13,4.96,1.55
Trevor May,Pitcher,MIN,SP,15,15,0,0,0,0,80,4,7,83,46,12,71,39,5.14,1.53
Casey Kelly,Pitcher,SD,SP,14,7,0,0,0,0,40,2,3,43,20,5,28,13,4.57,1.42
Zach Lee,Pitcher,LAD,SP,13,12,0,0,0,0,53,3,6,55,28,11,37,18,4.66,1.36
David Holmberg,Pitcher,CIN,SP,10,10,0,0,0,0,47,2,3,51,26,10,28,17,4.93,1.46
Jesse Biddle,Pitcher,PHI,SP,12,12,0,0,0,0,59,4,6,55,28,8,55,33,4.31,1.48
Justin Nicolino,Pitcher,MIA,SP,16,15,0,0,0,0,74,3,7,81,37,12,43,22,4.46,1.39
Anthony Ranaudo,Pitcher,BOS,SP,9,9,0,0,0,0,48,3,4,49,25,8,35,21,4.66,1.47
Matt Harvey,Pitcher,NYM,SP,11,11,0,0,0,0,65,5,3,55,22,6,67,19,3.01,1.12
Matt Barnes,Pitcher,BOS,SP,15,15,0,0,0,0,71,5,7,70,34,14,66,29,4.25,1.38
Eduardo Rodriguez,Pitcher,BAL,SP,14,14,0,0,0,0,70,4,8,76,38,15,46,29,4.88,1.49
A.J. Cole,Pitcher,WSH,SP,12,12,0,0,0,0,64,3,5,64,30,13,50,16,4.29,1.27
Robert Stephenson,Pitcher,CIN,SP,13,13,0,0,0,0,60,4,7,59,32,16,54,29,4.7,1.45
Rafael Montero,Pitcher,NYM,SP,19,9,0,0,0,0,57,3,4,55,24,6,45,15,3.76,1.24
Aaron Laffey,Pitcher,BAL,"SP,RP",27,10,0,0,0,0,65,2,6,76,41,20,31,29,5.65,1.61
Armando Galarraga,Pitcher,TEX,SP,17,17,0,0,0,0,52,3,5,61,38,18,30,30,6.63,1.76
Brad Mills,Pitcher,MIL,SP,20,19,0,0,0,0,57,4,5,66,37,18,38,25,5.83,1.58
Brett Myers,Pitcher,FA,"SP,RP",36,5,0,0,0,0,58,3,6,64,31,13,42,17,4.78,1.37
Chad Gaudin,Pitcher,FA,"SP,RP",38,4,0,0,0,0,64,4,3,65,30,7,59,27,3.22,1.45
Chien-Ming Wang,Pitcher,FA,"SP,RP",10,7,0,0,0,0,43,2,4,51,25,8,19,13,5.3,1.49
Chris Volstad,Pitcher,LAA,"SP,RP",29,26,0,0,0,0,122,5,9,145,74,21,69,41,5.42,1.52
Daniel Bard,Pitcher,TEX,"SP,RP",20,1,0,0,0,0,32,2,3,29,19,4,26,24,5.27,1.65
David Purcey,Pitcher,FA,"SP,RP",31,0,0,0,0,0,34,2,2,33,18,5,28,21,4.9,1.61
Esmil Rogers,Pitcher,TOR,"SP,RP",31,16,0,0,0,0,111,5,7,121,60,14,87,39,4.82,1.43
Jair Jurrjens,Pitcher,FA,SP,26,15,1,0,0,0,86,5,5,102,49,14,48,28,5.11,1.52
Jake Westbrook,Pitcher,FA,SP,25,22,1,0,0,0,112,6,7,123,55,11,57,42,4.39,1.47
Jason Berken,Pitcher,SF,SP,30,21,0,0,0,0,73,3,6,86,42,15,42,31,5.2,1.6
Jeanmar Gomez,Pitcher,PIT,"SP,RP",34,7,0,0,0,0,78,4,4,78,36,7,49,26,4.16,1.33
Jeremy Bonderman,Pitcher,FA,"SP,RP",23,9,0,0,0,0,62,2,4,73,40,11,32,26,5.74,1.58
Jonathan Sanchez,Pitcher,CHC,SP,18,18,0,0,0,0,72,3,7,74,48,14,65,51,5.93,1.73
Mark Rogers,Pitcher,FA,SP,13,11,0,0,0,0,35,2,3,35,20,6,28,26,5.11,1.72
Nick Blackburn,Pitcher,FA,SP,15,15,0,0,0,0,82,4,6,106,52,12,38,26,5.74,1.61
P.J. Walters,Pitcher,FA,SP,26,13,0,0,0,0,61,2,5,71,38,10,39,28,5.56,1.62
Ricky Romero,Pitcher,TOR,SP,17,9,0,0,0,0,58,3,5,63,35,12,40,33,5.39,1.64
Ross Ohlendorf,Pitcher,WSH,"SP,RP",24,5,0,0,0,0,52,3,3,56,29,7,36,19,5.02,1.44
Rudy Owens,Pitcher,HOU,SP,13,8,0,0,0,0,45,2,4,54,30,8,27,18,5.88,1.59
Ryan Rowland-Smith,Pitcher,ARI,SP,23,4,0,0,0,0,42,4,5,72,39,9,45,34,4.22,2.55
Sean O'Sullivan,Pitcher,PHI,"SP,RP",24,11,0,0,0,0,76,4,10,86,42,14,41,29,4.9,1.5
Wade LeBlanc,Pitcher,LAA,"SP,RP",19,9,0,0,0,0,67,3,5,73,34,11,45,21,4.61,1.41
Yunesky Maya,Pitcher,WSH,SP,13,13,0,0,0,0,73,4,5,83,41,11,36,24,5.04,1.46
Alfredo Aceves,Pitcher,FA,"SP,RP",31,3,0,0,0,0,57,4,4,56,30,9,43,25,4.73,1.41
Pedro Hernandez,Pitcher,COL,SP,24,20,0,0,0,0,68,4,5,92,51,20,36,24,6.66,1.69
Nestor Molina,Pitcher,CWS,SP,13,6,0,0,0,0,39,2,4,46,24,9,24,13,5.57,1.5
Luis Mendoza,Pitcher,FA,"SP,RP",27,17,0,0,0,0,111,5,7,121,57,11,66,47,4.61,1.5
Ryan Verdugo,Pitcher,KC,SP,23,19,0,0,0,0,47,2,4,55,34,17,31,31,6.47,1.85
Graham Godfrey,Pitcher,FA,SP,27,18,0,0,0,0,64,3,7,74,36,15,32,22,5.05,1.48
Guillermo Moscoso,Pitcher,FA,"SP,RP",38,12,0,0,0,0,88,5,7,81,43,13,71,40,4.38,1.38
Erik Cordier,Pitcher,SF,SP,17,2,0,0,0,0,25,2,2,24,13,2,20,16,4.73,1.64
Todd Redmond,Pitcher,TOR,SP,18,13,0,0,0,0,75,4,5,78,40,15,63,24,4.76,1.36
Jeremy Hefner,Pitcher,FA,"SP,RP",11,10,0,0,0,0,58,3,5,61,28,10,40,17,4.41,1.34
Dontrelle Willis,Pitcher,SF,SP,9,8,0,0,0,0,35,1,3,36,18,4,25,16,4.54,1.47
Mike Fiers,Pitcher,MIL,"SP,RP",20,8,0,0,0,0,71,4,5,71,34,10,61,23,4.28,1.32
Kyle McPherson,Pitcher,PIT,"SP,RP",13,7,0,0,0,0,48,3,4,50,22,7,33,11,4.11,1.27
Drew Pomeranz,Pitcher,OAK,SP,27,13,0,0,0,0,80,5,5,75,37,7,71,37,4.1,1.4
Stephen Fife,Pitcher,LAD,SP,11,7,0,0,0,0,46,2,4,49,23,6,30,19,4.42,1.48
Josh Lindblom,Pitcher,OAK,SP,37,5,0,0,0,0,57,3,4,56,28,10,43,23,4.33,1.38
Eric Surkamp,Pitcher,CWS,SP,18,11,0,0,0,0,57,3,4,62,30,13,45,24,3.84,1.5
Chad Jenkins,Pitcher,TOR,"SP,RP",27,7,0,0,0,0,54,2,4,62,32,12,26,17,5.32,1.47
John Lamb,Pitcher,KC,SP,10,10,0,0,0,0,41,3,5,51,27,7,23,14,5.77,1.56
Andrew Werner,Pitcher,OAK,SP,4,4,0,0,0,0,22,1,2,23,12,3,16,7,4.99,1.39
Collin McHugh,Pitcher,HOU,SP,21,8,0,0,0,0,51,2,5,59,31,10,35,18,5.52,1.52
Tyler Cloyd,Pitcher,CLE,SP,12,11,0,0,0,0,59,3,6,71,39,18,40,19,5.87,1.52
Chris Heston,Pitcher,SF,SP,12,12,0,0,0,0,70,4,5,71,32,6,50,26,4.09,1.36
Deck McGuire,Pitcher,TOR,SP,15,15,0,0,0,0,80,4,7,89,49,14,58,35,5.49,1.54
Tyler Matzek,Pitcher,COL,SP,16,16,0,0,0,0,75,4,6,87,49,10,53,52,5.79,1.83
Joe Wieland,Pitcher,SD,SP,9,4,0,0,0,0,37,2,3,36,16,4,30,11,3.95,1.28
Chris Reed,Pitcher,LAD,SP,16,10,0,0,0,0,55,3,4,57,31,7,36,32,5.06,1.61
Alfredo Figaro,Pitcher,MIL,"SP,RP",27,3,0,0,0,0,53,3,3,55,25,7,39,14,4.29,1.29
Phil Irwin,Pitcher,PIT,SP,9,7,0,0,0,0,35,2,2,38,17,5,23,10,4.41,1.35
Hiram Burgos,Pitcher,MIL,SP,13,7,0,0,0,0,39,2,3,44,24,9,25,16,5.55,1.55
Edgar Gonzalez,Pitcher,FA,"SP,RP",12,9,0,0,0,0,52,3,3,55,27,8,32,15,4.63,1.34
John Gast,Pitcher,FA,SP,8,8,0,0,0,0,37,3,2,39,20,5,24,15,4.69,1.46
Matt Magill,Pitcher,LAD,SP,14,13,0,0,0,0,55,2,4,51,30,8,50,38,4.95,1.63
Ramon Ortiz,Pitcher,FA,SP,14,12,0,0,0,0,44,2,4,56,34,18,21,19,6.94,1.69
Jacob DeGrom,Pitcher,NYM,SP,15,8,0,0,0,0,57,3,3,58,26,5,39,19,4.13,1.34
Chad Rogers,Pitcher,CIN,SP,23,13,0,0,0,0,73,4,8,79,43,22,44,28,5.26,1.47
Andrew Albers,Pitcher,MIN,SP,18,9,1,0,0,0,62,3,7,82,38,18,39,16,4.17,1.57
Tyler Lyons,Pitcher,STL,SP,29,7,0,0,0,0,68,4,4,66,31,8,51,20,4.18,1.27
Ross Stripling,Pitcher,LAD,SP,14,11,0,0,0,0,70,3,4,71,33,7,46,24,4.27,1.37
Eddie Gamboa,Pitcher,BAL,SP,17,9,0,0,0,0,57,3,4,64,34,8,34,23,5.3,1.53
Kendry Flores,Pitcher,SF,SP,12,9,0,0,0,0,58,3,4,60,28,9,38,12,4.38,1.25
Donovan Hand,Pitcher,FA,SP,27,4,0,0,0,0,57,2,3,61,28,7,33,18,4.38,1.39
